GSE;Skill;Objective;Source
56;Reading; Can recognise significant points and arguments in straightforward newspaper articles on familiar topics. ;(Ca)
27;Speaking;Can accept offers using basic fixed expressions. ;(P)
63;Speaking;Can accurately describe a problem with a product or piece of equipment. ;(P)
25;Speaking;Can accurately repeat clearly spoken words, phrases, and short sentences. ;(P)
67;Speaking;Can adjust to the changes of direction, style and emphasis normally found in conversation. ;(C)
66;Writing;Can adopt a level of formality appropriate to the circumstances. ;(N2000)
34;Speaking;Can agree or refuse to lend things using basic fixed expressions. ;(P)
24;Speaking;Can agree to simple requests using a few basic fixed expressions. ;(P)
90;Speaking;Can analyse and discuss the persuasiveness of contrasting arguments in a linguistically complex article. ;(P)
76;Speaking;Can answer questions about abstract topics clearly and in detail. ;(Ca)
74;Speaking;Can answer questions in a survey using linguistically complex language. ;(P)
54;Speaking;Can answer simple factual questions about a presentation they have given. ;(P)
29;Speaking;Can answer simple questions about habits and routines. ;(P)
22;Speaking;Can answer simple questions about objects (e.g. ‘colour’, ‘size’). ;(P)
33;Speaking;Can answer simple questions about quantities and amounts, given help with vocabulary. ;(P)
28;Speaking;Can answer simple questions about the location of people or things in a limited way. ;(P)
28;Speaking;Can answer simple questions about their daily activities or routines, given a model. ;(P)
35;Speaking;Can answer simple questions about their life and experiences. ;(P)
41;Speaking;Can answer simple questions about work experience or education using simple language.  ;(P)
37;Speaking;Can answer simple questions and respond to simple statements in an interview. ;(C)
34;Speaking;Can answer simple questions in a face-to-face survey. ;(P)
34;Speaking;Can answer simple questions on the phone using fixed expressions. ;(P)
46;Speaking;Can arrange a delivery time on the phone. ;(P)
58;Speaking;Can ask a question in a different way if misunderstood. ;(N2007a)
42;Speaking;Can ask about someone’s work experience or education using simple language. ;(P)
31;Speaking;Can ask about the location of places in a town, using simple language. ;(P)
19;Speaking;Can ask about the price of something. ;(P)
22;Speaking;Can ask and answer basic questions about family and friends in a limited way. ;(P)
16;Speaking;Can ask and answer basic requests for information with ‘What’s this/that?’ ;(P)
38;Speaking;Can ask and answer questions about basic plans and intentions. ;(P)
38;Speaking;Can ask and answer questions about habits and routines. ;(C)
40;Speaking;Can ask and answer questions about past times and past activities. ;(C)
35;Speaking;Can ask and answer questions about what they do at work and in their free time. ;(C)
28;Speaking;Can ask and answer simple questions about people they know in a limited way. ;(Ca)
21;Speaking;Can ask and answer simple questions about things they have in a limited way. ;(Ca)
25;Speaking;Can ask and answer simple questions in areas of immediate need or on very familiar topics. ;(Ca)
36;Speaking;Can ask and talk about very basic symptoms and ailments (e.g. ‘cold’, ‘flu’). ;(P)
30;Speaking;Can ask basic questions about colour, size, price etc. when shopping. ;(CSEa)
26;Speaking;Can ask basic questions about objects (e.g. ‘colour’, ‘size’). ;(P)
72;Speaking;Can ask detailed questions about specific points in a presentation or lecture. ;(P)
70;Speaking;Can ask detailed questions in discussions on contemporary social issues and current affairs. ;(CSEa)
24;Speaking;Can ask for a drink or food in a limited way. ;(P)
57;Speaking;Can ask for advice on a wide range of subjects. ;(P)
20;Speaking;Can ask for and give a date of birth. ;(P)
17;Speaking;Can ask for and give a phone number. ;(P)
40;Speaking;Can ask for and give or refuse permission. ;(N2000)
19;Speaking;Can ask for and give the day and date. ;(N2000a)
25;Speaking;Can ask for and give very basic information about the home. ;(P)
35;Speaking;Can ask for and provide everyday goods and services. ;(C)
31;Speaking;Can ask for and provide things using simple phrases. ;(Ca)
29;Speaking;Can ask for attention. ;(C)
34;Speaking;Can ask for basic advice using simple language. ;(P)
45;Speaking;Can ask for changes to a hotel, restaurant, or transportation reservation on the phone. ;(P)
40;Speaking;Can ask for clarification about key words not understood, using fixed expressions. ;(Ca)
55;Speaking;Can ask for clarification of an unknown acronym or technical term used in conversation. ;(P)
56;Speaking;Can ask for confirmation of understanding during a live discussion or presentation. ;(P)
27;Speaking;Can ask for help using basic fixed expressions. ;(P)
36;Writing;Can ask for personal details in written form in a limited way. ;(Ca)
30;Speaking;Can ask for repetition and clarification when they don’t understand, using basic fixed expressions. ;(P)
35;Speaking;Can ask for repetition or clarification on the phone in a simple way. ;(P)
32;Speaking;Can ask for simple directions from X to Y on foot or by public transport. ;(P)
29;Speaking;Can ask for simple directions, referring to a map or plan. ;(P)
22;Speaking;Can ask for the spelling of a word, or for a word to be written down. ;(P)
26;Speaking;Can ask for things using basic language. ;(P)
44;Speaking;Can ask for, follow and give detailed directions. ;(Ca)
75;Speaking;Can ask linguistically complex questions in a survey. ;(P)
32;Speaking;Can ask others if they can do everyday activities using simple language, given a model. ;(P)
28;Speaking;Can ask people for things and give people things. ;(C)
27;Speaking;Can ask simple questions about numbers of objects there are using a basic phrase (e.g. ‘how many?’). ;(P)
27;Speaking;Can ask simple questions about other people (e.g. their ‘name’, ‘age’, ‘where they live’, ‘things they have’).;x
33;Speaking;Can ask simple questions about quantities and amounts. ;(P)
34;Speaking;Can ask simple questions in a face-to-face survey. ;(P)
31;Speaking;Can ask simple questions to find out about a subject. ;(P)
31;Speaking;Can ask someone about their hobbies and activities using simple language. ;(P)
10;Speaking;Can ask someone for their name. ;(P)
36;Speaking;Can ask someone simple questions about their life and experiences. ;(P)
50;Speaking;Can ask someone to clarify or elaborate what they have just said. ;(C)
53;Speaking;Can ask someone to paraphrase a specific point or idea. ;(P)
34;Speaking;Can ask someone to repeat a specific point or idea. ;(P)
19;Speaking;Can ask someone what their job is. ;(P)
13;Speaking;Can ask someone what their nationality is. ;(P)
30;Speaking;Can ask to borrow things using basic fixed expressions. ;(P)
21;Speaking;Can ask very simply for repetition when they don’t understand. ;(C)
20;Speaking;Can ask where other people are in a limited way. ;(P)
47;Speaking;Can begin to use a repertoire of common idiomatic phrases in routine situations. ;(Ca)
51;Speaking;Can briefly give reasons and explanations for opinions, plans and actions. ;(C)
60;Speaking;Can bring relevant personal experiences into a conversation to illustrate a point. ;(P)
46;Speaking;Can buy a ticket for an event on the phone. ;(P)
24;Speaking;Can buy tickets on public transport using basic fixed expressions. ;(N2000a)
41;Speaking;Can cancel a hotel, restaurant, or transportation reservation on the phone. ;(P)
57;Speaking;Can carry out a prepared interview, checking and confirming information as necessary. ;(Ca)
45;Speaking;Can carry out a prepared structured interview with some spontaneous follow-up questions. ;(Ca)
50;Speaking;Can carry out a simple informal interview. ;(P)
72;Speaking;Can carry out an effective, fluent interview, spontaneously following up on interesting replies. ;(Ca)
72;Writing;Can challenge the evidence used to support an argument in a written text. ;(Wa)
54;Writing;Can check and correct spelling, punctuation and grammar in simple written texts. ;(P)
72;Writing;Can check and correct spelling, punctuation and grammar mistakes in long written texts. ;(P)
26;Speaking;Can check into a hotel using a few basic fixed expressions. ;(P)
41;Speaking;Can check or clarify information using some simple fixed expressions. ;(P)
35;Speaking;Can check that someone has understood information, using simple language. ;(P)
88;Speaking;Can clarify points they are trying to make in an academic discussion, using linguistically complex language. ;(Wa)
60;Writing;Can clearly signal cause and effect relationships in a structured text. ;(P)
52;Writing;Can clearly signal chronological sequence in narrative text. ;(P)
62;Writing;Can clearly signal problem and solution relationships in structured text. ;(P)
61;Writing;Can clearly signal the difference between fact and opinion in structured text. ;(P)
44;Writing;Can clearly signal the end of a simple narrative or description. ;(P)
57;Speaking;Can collate information from several written sources and summarise the ideas orally. ;(Ca)
58;Writing;Can collate short pieces of information and summarise them for somebody else. ;(Ca)
84;Speaking;Can comment in detail on the content of a linguistically complex radio programme or podcast in which people describe reactions or opinions. ;(P)
77;Speaking;Can comment on and discuss a linguistically complex text. ;(P)
59;Writing;Can comment on factual information within their field of interest. ;(Ca)
69;Speaking;Can comment tactfully on other people’s contributions to a discussion. ;(Wa)
36;Speaking;Can communicate in routine tasks requiring simple, direct exchanges of information. ;(Ca)
53;Speaking;Can compare and contrast alternatives about what to do, where to go, etc. ;(Ca)
64;Speaking;Can compare and contrast situations in some detail and speculate about the reasons for the current situation. ;(P)
75;Reading;Can compare and critically evaluate a summary against the original text. ;(P)
70;Speaking;Can compare and evaluate different ideas using a range of linguistic devices. ;(P)
66;Writing;Can compare and evaluate ideas in a structured and logical text. ;(P)
61;Writing;Can compare information from different sources. ;(P)
58;Reading;Can compare information given in different texts and media on the same topic. ;(Wa)
32;Speaking;Can compare quantities in a basic way. ;(P)
70;Speaking;Can compare the advantages and disadvantages of possible approaches and solutions to an issue or problem. ;(Ca)
37;Speaking;Can compare their own and others’ possessions using simple language. ;(Ca)
48;Writing;Can complete a detailed form requiring travel information (e.g. ‘visa application’). ;(P)
51;Writing;Can complete a form requiring educational information (e.g. ‘applying for a course of study’). ;(P)
55;Writing;Can complete a form requiring financial information (e.g. ‘application for a bank account’ or ‘credit agreement’). ;(P)
54;Writing;Can complete a form requiring health information. ;(P)
41;Writing;Can complete a simple form asking for medical information. ;(P)
27;Writing;Can complete a simple form requiring travel information (e.g. ‘landing card’, ‘customs declaration’). ;(P)
23;Writing;Can complete simple forms with basic personal details. ;(Ca)
78;Speaking;Can conclude a discursive argument using a range of linguistic devices. ;(P)
81;Writing;Can confidently argue a case in writing, specifying needs and objectives precisely and justifying them as necessary. ;(N2007a)
37;Speaking;Can confirm information using some simple fixed expressions. ;(P)
62;Speaking;Can construct a chain of reasoned argument. ;(C)
79;Speaking;Can contribute fluently and naturally to a conversation about a complex or abstract topic. ;(P)
66;Speaking;Can contribute to a conversation fluently and naturally, provided the topic is not too abstract or complex.;x
76;Speaking;Can contribute to group discussions even when speech is fast and colloquial. ;(Ca)
70;Writing;Can convey information and ideas on abstract and concrete topics. ;(Ca)
45;Speaking;Can convey simple information of immediate relevance and emphasise the main point. ;(Ca)
45;Speaking;Can convey simple relevant information emphasising the most important point. ;(Ca)
18;Writing;Can copy familiar words and short phrases about everyday objects and set phrases. ;(Ca)
24;Writing;Can copy short sentences on everyday subjects (e.g. ‘directions how to get somewhere’). ;(C)
60;Speaking;Can correct mistakes if they have led to misunderstandings. ;(N2000)
64;Writing;Can correctly attribute information from different sources. ;(P)
85;Writing;Can create well-structured complex texts with underlying inferred meaning. ;(Ca)
87;Reading;Can critically evaluate a writer’s choice of words to express nuances of meaning in an argumentative text. ;(Wa)
88;Reading;Can critically evaluate the effectiveness of different arguments in a linguistically complex text. ;(P)
88;Reading;Can critically evaluate the structure, content and style of a text using linguistically complex language. ;(P)
90;Reading;Can critically evaluate the writer’s choice of words to express nuanced meaning in a linguistically complex text. ;(P)
45;Speaking;Can deal with common situations when making travel arrangements or travelling. ;(Ca)
59;Speaking;Can deal with less common situations in a shop, post office (e.g. ‘returning an unsatisfactory purchase’).;x
45;Speaking;Can deal with less routine situations on public transport (e.g. asking ‘where to get off’). ;(N2000a) 
38;Speaking;Can deal with practical everyday demands, exchanging straightforward factual information. ;(Ca)
56;Speaking;Can decline offers politely using a range of formal and informal expressions. ;(P)
33;Speaking;Can decline offers using basic fixed expressions. ;(P)
57;Listening;Can deduce the general meaning of a passage from context in a longer, structured text. ;(P)
53;Speaking;Can define the features of something concrete for which they can’t remember the word. ;(C)
59;Writing;Can demonstrate understanding of formality and conventions in standard letters. ;(P) 
71;Writing;Can demonstrate understanding of structure and conventions of different written genres. ;(Ca) 
75;Speaking;Can depart from and return fluently to a prepared speech in order to answer audience questions. ;(Ca)
46;Reading;Can derive the probable meaning of simple unknown words from short, familiar contexts. ;(Ca)
41;Listening;Can derive the probable meaning of simple, unknown words from short, familiar contexts. ;(P)
30;Speaking;Can describe a person’s hobbies and activities using simple language. ;(P)
28;Speaking;Can describe a person’s likes and dislikes using simple language. ;(P)
35;Speaking;Can describe a travel experience with a few very basic stock phrases. ;(P)
60;Speaking;Can describe an everyday consumer-related problem and request a correction or solution. ;(P)
29;Speaking;Can describe an object using simple language. ;(P)
33;Speaking;Can describe basic activities or events that are happening at the time of speaking. ;(P)
54;Speaking;Can describe basic symptoms to a doctor, but with limited precision. ;(Ca)
31;Speaking;Can describe common everyday objects using simple language. ;(P)
48;Speaking;Can describe dreams, hopes and ambitions. ;(C)
47;Speaking;Can describe events, real or imagined. ;(C)
37;Speaking;Can describe everyday activities in town (e.g. ‘buying food at the supermarket’, ‘borrowing a book from the library’) using simple language. ;(P)
33;Speaking;Can describe familiar activities, given visual support. ;(P)
60;Speaking;Can describe future plans and intentions in detail, giving degrees of probability. ;(P)
43;Speaking;Can describe future plans and intentions using fixed expressions. ;(P)
65;Speaking;Can describe goals using a range of expressions. ;(P)
38;Speaking;Can describe habits and routines. ;(Ca)
45;Speaking;Can describe how often a work-related task should be completed. ;(P)
62;Speaking;Can describe how to do something, giving detailed instructions. ;(C)
34;Speaking;Can describe jobs in a basic way, given a model. ;(P)
24;Speaking;Can describe objects in a basic way (e.g. ‘colour’, ‘size’). ;(P)
59;Speaking;Can describe objects, possessions and products in detail, including their characteristics and special features. ;(P)
34;Speaking;Can describe people’s everyday lives using a short series of simple phrases and sentences. ;(Ca)
59;Speaking;Can describe people’s personality and emotions in some detail. ;(P)
72;Speaking;Can describe places in detail using linguistically complex language. ;(P)
39;Speaking;Can describe plans and arrangements. ;(Ca)
33;Speaking;Can describe skills and abilities using simple language. ;(P)
60;Speaking;Can describe the degree of necessity of various actions. ;(P)
76;Speaking;Can describe the details of problem-solution relationships using a range of linguistic devices. ;(P)
63;Speaking;Can describe the personal significance of events and experiences in detail. ;(Ca)
59;Speaking;Can describe the plot of a book or film in some detail. ;(CSEa)
23;Speaking;Can describe the position of something in a very basic way. ;(P)
29;Writing;Can describe the position of things in a picture using a few simple fixed expressions. ;(P)
33;Speaking;Can describe the position of things in a picture using a range of fixed expressions ;(P)
31;Speaking;Can describe their daily routines in a simple way. ;(P)
33;Speaking;Can describe their family, living conditions, education and present or most recent job. ;(C)
33;Speaking;Can describe their home town or city using simple language. ;(P)
38;Speaking;Can describe very basic events in the past using simple linking words (e.g. ‘then’, ‘next’). ;(P)
31;Speaking;Can describe what someone is wearing using a limited range of expressions. ;(P)
37;Speaking;Can describe what something is used for, using basic fixed expressions. ;(P)
44;Speaking;Can describe what they are looking for when shopping. ;(CSEa)
61;Speaking;Can describe what they would do and how they would react to situations in a text. ;(P)
26;Speaking;Can describe where they live. ;(Ca) 
66;Speaking;Can develop a clear argument with supporting subsidiary points and relevant examples. ;(Ca)
65;Writing;Can develop a clear written description or narrative with relevant supporting detail and examples. ;(Ca)
63;Speaking;Can develop an argument giving reasons in support of or against a particular point of view. ;(N2000)
53;Speaking;Can develop an argument using common fixed expressions. ;(P)
66;Speaking;Can develop an argument well enough to be followed without difficulty most of the time. ;(C)
73;Writing;Can develop an argument with appropriate highlighting of significant points and relevant supporting;x
71;Listening;Can differentiate between rhetorical and genuine questions in informal discussion. ;(P)
49;Speaking;Can discuss everyday, practical issues when the conversation is conducted slowly and clearly. ;(Ca)
50;Speaking;Can discuss films, books or plays in simple terms, using fixed expressions. ;(P)
59;Speaking;Can discuss options and possible actions. ;(P)
52;Speaking;Can discuss the main points of news stories about familiar topics. ;(CJa)
36;Speaking;Can discuss what to do and where to go, and make arrangements to meet. ;(C)
40;Speaking;Can discuss what to do in the evening or at the weekend. ;(C)
41;Speaking;Can discuss what to do next using simple phrases. ;(Ca)
24;Listening;Can distinguish between ‘can’ and ‘can’t’. ;(P)
56;Listening;Can distinguish between different points of view in a discussion or presentation. ;(Wa)
71;Reading;Can distinguish between fact and opinion in complex formal contexts. ;(P)
66;Listening;Can distinguish between fact and opinion in informal discussion at natural speed. ;(P)
51;Reading;Can distinguish between fact and opinion in relation to common topics. ;(P)
51;Listening;Can distinguish between main ideas and supporting details in familiar, standard texts. ;(P)
60;Listening;Can distinguish between relevant and irrelevant content in extended informal speech. ;(P)
61;Reading;Can distinguish supporting details from the main points in a text. ;(P)
74;Writing;Can edit a text to make the style more neutral or formal. ;(P)
82;Writing;Can edit and add to a linguistically complex text to make it clearer or more concise. ;(P)
64;Writing;Can edit notes or bullet points to make them more concise. ;(P)
68;Speaking;Can emphasise a point in a conversation using rhetorical questions. ;(P)
62;Speaking;Can encourage discussion by inviting others to join in, say what they think, etc. ;(Ca)
61;Writing;Can end a discursive argument with a clear conclusion and opinion. ;(P)
30;Speaking;Can end a simple phone call to family or friends using basic informal fixed expressions. ;(P)
61;Speaking;Can engage in extended conversation in a clearly participatory fashion on most general topics. ;(Ca)
47;Speaking;Can enter unprepared into conversation on familiar topics (e.g. ‘family’, ‘hobbies’, ‘work’). ;(Ca)
19;Speaking;Can establish basic social contacts with simple, polite greetings and farewells. ;(Ca) 
73;Speaking;Can evaluate arguments in a debate or discussion and justify the evaluation. ;(P)
74;Speaking;Can exchange complex information on a wide range of matters related to their work. ;(Ca)
59;Speaking;Can exchange information on a wide range of topics within their field with some confidence. ;(Ca)
28;Speaking;Can exchange personal details (e.g. ‘where they live’, ‘things they have’). ;(Ca)
34;Speaking;Can exchange simple information on everyday topics, provided the other person speaks slowly and clearly and is prepared to help. ;(Ca)
64;Speaking;Can explain a problem and demand what action should be taken in an appropriate way. ;(Ca)
55;Speaking;Can explain the main points in an idea or problem with reasonable precision. ;(C) 
45;Speaking;Can explain the meaning of a word or phrase using simple language. ;(P)
45;Speaking;Can explain the rules of a familiar game or sport using simple language. ;(P)
40;Speaking;Can explain what they like or dislike about something. ;(C)
55;Speaking;Can explain why something is a problem. ;(C)
27;Speaking;Can express ability or lack of ability with regard to basic activities using ‘can’ or ‘can’t’. ;(P) 
32;Speaking;Can express agreement using simple fixed expressions. ;(P)
69;Speaking;Can express an attitude, opinion or idea using idiomatic language. ;(P)
60;Speaking;Can express an inference or assumption about a person’s mood or emotional state. ;(P)
56;Speaking;Can express and comment on ideas and suggestions in informal discussions. ;(Ca)
51;Speaking;Can express and respond to feelings (e.g. ‘surprise’, ‘happiness’, ‘interest’, ‘indifference’). ;(C)
56;Speaking;Can express approval and appreciation of other people’s ideas in a discussion. ;(Wa)
75;Speaking;Can express attitudes using linguistically complex language. ;(P)
47;Speaking;Can express attitudes using simple language. ;(P)
30;Speaking;Can express basic intentions with simple time markers (e.g. ‘tomorrow’). ;(P)
45;Speaking;Can express belief, opinion, agreement and disagreement politely. ;(C)
58;Speaking;Can express disagreement in a manner that shows they were actively listening to the other person. ;(P) 
40;Speaking;Can express enthusiasm and excitement in a limited way. ;(P)
61;Speaking;Can express feelings (e.g. ‘sympathy’, ‘surprise’, ‘interest’) with confidence, using a range of expressions. ;(P)
34;Speaking;Can express general preferences using basic fixed expressions. ;(P)
51;Speaking;Can express hopes for the future using a range of fixed expressions. ;(CJa)
28;Speaking;Can express how they are feeling using very basic fixed expressions. ;(P)
38;Speaking;Can express how they feel in simple terms. ;(Ca)
65;Writing;Can express news and views effectively in writing and relate to those of others. ;(C)
65;Speaking;Can express opinions about news stories using a wide range of everyday language. ;(P)
52;Speaking;Can express opinions and attitudes using a range of basic expressions and sentences. ;(Ca)
51;Speaking;Can express opinions and react to practical suggestions of where to go, what to do, etc. ;(Ca)
51;Speaking;Can express opinions as regards possible solutions, giving brief reasons and explanations. ;(Ca)
45;Speaking;Can express opinions using simple language. ;(P)
46;Speaking;Can express preferences about food and drink in detail. ;(P)
28;Speaking;Can express preferences about food and drink using basic fixed expressions. ;(P)
42;Speaking;Can express regret using simple language. ;(P)
58;Speaking;Can express support in a manner that shows they were actively listening to the other person. ;(P)
70;Writing;Can express the same idea with a different level of formality appropriate to the audience. ;(P)
31;Speaking;Can express their likes and dislikes in relation to familiar topics using simple language. ;(P)
61;Speaking;Can express their opinions in discussions on contemporary social issues and current affairs. ;(CSEa)
55;Speaking;Can express their thoughts in some detail on cultural topics (e.g. ‘music’, ‘films’). ;(Ca) 
77;Writing;Can express themselves fluently in writing, adapting the level of formality to the context. ;(P)
64;Speaking;Can express views clearly and evaluate hypothetical proposals in informal discussions. ;(Ca)
78;Reading;Can extract information, ideas and opinions from highly specialised sources within their field. ;(Ca)
46;Listening;Can extract key factual information from a phone conversation on a familiar topic. ;(P)
45;Listening;Can extract key factual information such as dates, numbers and quantities from a presentation. ;(P) 
35;Listening;Can extract key factual information such as prices, times and dates from a recorded phone message. ;(P)
30;Listening;Can extract key factual information such as prices, times and dates from short clear, simple announcements. ;(P)
28;Reading;Can extract personal details in a limited way. ;(P)
48;Reading;Can extract relevant details in everyday letters, brochures and short official documents. ;(Ca)
69;Listening;Can extract specific details from poor quality public announcements, e.g., in a ‘station’, ‘sports stadium’, etc. ;(N2000a)
31;Reading;Can extract specific information (e.g. ‘facts and numbers’) from simple informational texts related to everyday life (e.g. ‘posters’, ‘leaflets’). ;(P)
65;Listening;Can extract the main points from news items, etc. with opinions, arguments and discussion. ;(Ca)
57;Listening;Can extract the meaning of unknown words from context if the topic discussed is familiar. ;(Ca)
23;Listening;Can extract the names of people or places from short, simple dialogues, if delivered slowly and clearly. ;(P)
45;Reading;Can find and understand information in advertisements for sporting or cultural events. ;(P)
31;Reading;Can find specific, predictable information in everyday materials (e.g. ‘menus’, ‘timetables’). ;(Ca)
64;Speaking;Can fluently substitute an equivalent term for a word they can’t recall. ;(Ca)
36;Reading;Can follow a basic sequence of events in a simple text on a familiar topic. ;(P)
76;Listening;Can follow a fast-paced conversation between fluent speakers well enough to be able to contribute. ;(Ca)
62;Listening;Can follow a natural group discussion, but may find it difficult to participate effectively. ;(Ca)
36;Listening;Can follow a simple conversation or narrative about familiar, everyday activities. ;(P)
35;Reading;Can follow a simple series of written instructions to carry out a task. ;(P)
70;Listening;Can follow a wide range of factual and creative texts and summarise themes and opinions. ;(Ca)
74;Listening;Can follow an animated conversation between two fluent speakers. ;(Ca)
51;Listening;Can follow an everyday conversation or informal interview on common topics. ;(P) 
28;Reading;Can follow basic instructions for making something simple. ;(P)
31;Reading;Can follow basic instructions on how to play a simple board game, if supported by pictures. ;(P)
61;Listening;Can follow changes of topic in factual TV news items and form an idea of the main content. ;(C)
52;Reading;Can follow chronological sequence in a formal structured text. ;(P)
65;Listening;Can follow chronological sequences in extended informal speech at natural speed. ;(P)
57;Listening;Can follow classes and training courses on a range of subjects, provided the content is simple. ;(CSEa)
53;Listening;Can follow detailed directions. ;(C)
44;Listening;Can follow everyday conversation, with some repetition of particular words and phrases. ;(P)
73;Listening;Can follow extended speech expressing unstructured ideas and thoughts. ;(P)
74;Listening;Can follow extended speech on abstract and complex topics outside their field, if able to ask for confirmation of details. ;(Ca)
45;Listening;Can follow familiar topics if the speaker is clear and avoids idiomatic usage. ;(Ca)
80;Listening;Can follow films employing a considerable degree of slang and idiomatic usage. ;(C)
52;Listening;Can follow many films in which visuals and action carry much of the storyline. ;(Ca)
57;Listening;Can follow most of a clearly structured presentation within their own field. ;(Ca)
49;Listening;Can follow most of an everyday conversation if speakers avoid very idiomatic usage. ;(Ca)
79;Listening;Can follow presentations on abstract and complex topics outside their field of interest. ;(P) 
51;Listening;Can follow recorded instructions and information given on a phone-delivered service. ;(P)
33;Listening;Can follow short, simple social exchanges. ;(P)
26;Reading;Can follow short, simple written directions (e.g. ‘to go from X to Y’). ;(C)
29;Reading;Can follow simple instructions to carry out a straightforward task. ;(P)
29;Listening;Can follow simple, everyday transactions (e.g. ‘shopping’ and ‘eating out’) if carried out slowly and clearly.;x
25;Listening;Can follow speech which is very slow and carefully articulated, with long pauses. ;(Ca)
61;Reading;Can follow the exchanges on the discussion board of a website. ;(P)
49;Listening;Can follow the linear structure of a short formal talk. ;(P)
69;Listening;Can follow the main points in a linguistically complex interview, if provided with written supporting material. ;(P)
70;Listening;Can follow the main points in a linguistically complex interview, if provided with written supporting material. ;(P)
51;Listening;Can follow the main points in TV programmes on familiar topics if delivered in clear standard speech. ;(Ca)
46;Listening;Can follow the main points of extended discussion around them if in standard speech. ;(Ca)
45;Listening;Can follow the main points of short talks on familiar topics if delivered in clear standard speech. ;(Ca)
41;Reading;Can follow the sequence of actions or events in a text on a familiar everyday topic. ;(P) 
37;Listening;Can follow the sequence of events in a short, simple dialogue or narrative. ;(P)
61;Listening;Can follow the stages of a complex process described using non-technical language. ;(P)
49;Listening;Can generally follow changes of topic in discussions related to their field if conducted slowly and clearly. ;(Ca)
55;Speaking;Can generally follow most of what is said and repeat back details to confirm understanding. ;(Ca)
57;Listening;Can generally follow rapid or extended speech, but may require repetition or clarification. ;(Ca)
39;Listening;Can generally identify the topic of discussion around them when conducted slowly and clearly. ;(C)
51;Reading;Can generally understand details of events, feelings and wishes in letters, emails and online postings. ;(Ca)
46;Reading;Can generally understand straightforward factual texts on familiar topics. ;(Ca)
39;Speaking;Can get information from a tourist office of a straightforward, non-specialised nature. ;(Ca) 
48;Listening;Can get the gist of explanations of unfamiliar cultural practices and customs, if delivered slowly and clearly. ;(CJa)
32;Reading;Can get the gist of short, simple narratives, with visual support. ;(P)
37;Listening;Can get the gist of short, simple stories if told slowly and clearly. ;(P)
74;Reading;Can get the gist of specialised articles and technical texts outside their field. ;(CJa)
63;Speaking;Can give a clear, detailed spoken description of how to carry out a procedure. ;(C)
78;Speaking;Can give a detailed account of a complex subject, ending with a clear conclusion. ;(CJa)
74;Speaking;Can give a detailed response to a counter-argument presented by someone else during a discussion. ;(N2007a)
66;Speaking;Can give a detailed summary of a film including information about the plot, characters and setting. ;(P)
30;Speaking;Can give a short description of their home, family and job, given some help with vocabulary. ;(P)
44;Speaking;Can give a short talk about a familiar topic, with visual support. ;(P)
42;Speaking;Can give a short, basic description of events and activities. ;(C)
53;Speaking;Can give a short, rehearsed talk or presentation on a familiar topic. ;(Ca)
40;Speaking;Can give a simple description of how to carry out an everyday process (e.g. ‘a recipe’). ;(P)
32;Speaking;Can give a simple description of their school or workplace. ;(CSEa)
45;Writing;Can give a simple reason for an action in an informational text, given a model. ;(P)
65;Writing;Can give a structured written explanation of a problem. ;(Ca)
66;Speaking;Can give advice on a wide range of subjects. ;(P)
61;Writing;Can give advice, including reasons. ;(P)
34;Writing;Can give an example of something in a very simple text using ‘like’ or ‘for example’. ;(P)
38;Speaking;Can give an extended description of everyday topics (e.g. ‘people’, ‘places’, ‘experiences’). ;(N2000a)
56;Speaking;Can give an opinion on practical problems, with support when necessary. ;(Ca)
45;Speaking;Can give an opinion when asked directly, provided they can ask for repetition. ;(Ca)
43;Writing;Can give basic advice in writing using simple language. ;(P)
39;Speaking;Can give basic advice using simple language. ;(P)
23;Speaking;Can give basic information about the price of something. ;(P)
59;Speaking;Can give basic technical instructions in their field of specialisation. ;(P)
56;Speaking;Can give brief comments on the views of others. ;(C)
45;Speaking;Can give brief reasons and explanations, using simple language. ;(P)
70;Speaking;Can give clear presentations highlighting significant points with relevant supporting detail. ;(Ca)
66;Speaking;Can give clear, detailed descriptions on a wide range of familiar subjects. ;(Ca)
84;Writing;Can give complex information using appropriate register and conventions. ;(P)
37;Speaking;Can give compliments, using fixed expressions. ;(P)
24;Speaking;Can give dates using standard formats (day and month). ;(P)
49;Speaking;Can give detailed accounts of experiences, describing feelings and reactions. ;(C)
85;Speaking;Can give detailed advice on a wide range of subjects using linguistically complex language. ;(P)
61;Speaking;Can give detailed answers to questions in a face-to-face survey. ;(P)
50;Speaking;Can give detailed directions to a driver. ;(P)
73;Speaking;Can give detailed technical instructions in their field of specialisation. ;(P)
23;Speaking;Can give key information to introduce themselves (e.g. ‘name’, ‘age’, ‘where they are from’). ;(P)
46;Speaking;Can give or seek personal views and opinions in discussing topics of interest. ;(C)
31;Writing;Can give personal details in written form in a limited way. ;(Ca)
78;Speaking;Can give reasons and explanations for their opinions using linguistically complex language. ;(P)
31;Speaking;Can give simple classroom instructions. ;(P)
34;Speaking;Can give simple directions from X to Y on foot or by public transport. ;(P)
32;Speaking;Can give simple directions using a map or plan. ;(P)
37;Speaking;Can give simple instructions to complete a basic task, given a model. ;(P)
34;Speaking;Can give simple opinions using basic fixed expressions. ;(P)
39;Speaking;Can give simple reasons to explain preferences, given a model. ;(P)
50;Speaking;Can give simple reasons to justify a viewpoint on a familiar topic. ;(P)
53;Writing;Can give someone clear, detailed directions on how to get somewhere in a letter, email, or online posting. ;(P)
47;Speaking;Can give straightforward descriptions on a variety of familiar subjects. ;(Ca)
60;Speaking;Can give the advantages and disadvantages of various options on a topical issue. ;(Ca)
33;Speaking;Can give the order of things using simple language (e.g. ‘first’, ‘second’, ‘third’). ;(P)
41;Speaking;Can give the reasons for a choice, using simple language. ;(P)
16;Speaking;Can give very limited personal information using basic fixed expressions. ;(CJa)
71;Speaking;Can give well-structured, detailed presentations on a wide range of familiar subjects. ;(Ca)
12;Speaking;Can greet people using a few basic fixed expressions. ;(P)
24;Speaking;Can greet people, ask how they are and react to news. ;(Ca)
70;Reading;Can guess the meaning of an unfamiliar word from context in a linguistically complex text. ;(P)
32;Speaking;Can handle common everyday transactions (e.g. ‘buying a ticket’). ;(Ca)
23;Listening;Can identify a caller’s name and phone number from a short, simple telephone conversation. ;(P)
26;Listening;Can identify a caller’s name and phone number from a short, simple telephone conversation. ;(P)
43;Listening;Can identify a simple chronological sequence in a recorded narrative or dialogue. ;(P)
37;Listening;Can identify activities occurring in the past in short, simple dialogues. ;(P)
35;Reading;Can identify basic biographical information in short simple texts about other people. ;(P)
32;Listening;Can identify basic factual information in short, simple dialogues or narratives on familiar everyday topics, if spoken slowly and clearly. ;(P)
32;Reading;Can identify basic personal details about someone on website profiles, business cards etc. ;(P)
38;Reading;Can identify basic similarities and differences in the facts between two short simple texts on the same familiar topic, if supported by pictures and questions. ;(P)
28;Listening;Can identify common objects from spoken descriptions, if spoken slowly and clearly. ;(P)
67;Reading;Can identify different styles, genres, and registers in written discourse. ;(Wa)
78;Reading;Can identify examples that support a particular interpretation of a linguistically complex text. ;(P)
26;Listening;Can identify how much something costs in short, simple dialogues about the price, if delivered slowly and clearly. ;(P)
79;Reading;Can identify inferred meaning in a linguistically complex text. ;(P)
39;Listening;Can identify key details in a simple recorded dialogue or narrative. ;(P)
33;Listening;Can identify key information (e.g. ‘places’, ‘times’) from short audio recordings, if spoken slowly and clearly. ;(P)
69;Reading;Can identify key information in a linguistically complex text. ;(P)
57;Reading;Can identify key information in an extended text or article. ;(P)
71;Listening;Can identify key information in linguistically complex conversations at natural speed. ;(P)
35;Reading;Can identify key information in short, simple factual texts from the headings and pictures. ;(P) 
45;Reading;Can identify key subject vocabulary in written descriptions. ;(Wa)
31;Listening;Can identify key words and phrases in descriptions of someone’s appearance and clothes. ;(P)
60;Reading;Can identify language used to persuade the reader. ;(Wa)
29;Listening;Can identify objects, places or people from short spoken descriptions. ;(Wa)
44;Reading;Can identify similarities and differences between two short texts. ;(P)
30;Listening;Can identify simple information in a short video, provided that the visual supports this information and the delivery is slow and clear. ;(P)
38;Listening;Can identify specific events from short spoken descriptions. ;(Wa)
73;Reading;Can identify specific information in a linguistically complex factual text. ;(P)
39;Reading;Can identify specific information in a simple factual text. ;(P)
35;Listening;Can identify specific information in short, simple dialogues in which speakers make arrangements to do something, if spoken slowly and clearly. ;(P)
37;Reading;Can identify specific information in simple letters, brochures and short articles. ;(Ca)
59;Reading;Can identify the main conclusions in a text that presents and contrasts arguments in a clearly signalled way. ;(Ca)
49;Listening;Can identify the main point of TV news items reporting events, accidents, etc. where the visual supports the commentary. ;(C)
59;Listening;Can identify the main reasons for and against an argument or idea in a discussion delivered in clear standard speech. ;(P)
49;Reading;Can identify the main topic and related ideas in a structured text. ;(P)
14;Reading;Can identify very common food and drink on a menu. ;(P)
25;Speaking;Can indicate time by such phrases as ‘next week’, ‘last Friday’, ‘in November’, ‘three o’clock’. ;(C)
71;Listening;Can infer attitude and mood in discussions by using contextual, grammatical and lexical cues. ;(Ca) 
55;Reading;Can infer meaning based on information in a text. ;(P)
81;Listening;Can infer meaning, opinion, attitude, etc. in fast-paced conversations between fluent speakers. ;(P)
51;Listening;Can infer speakers’ opinions in conversations on familiar everyday topics. ;(P)
68;Reading;Can infer what will come next in an unstructured text by using contextual, grammatical and lexical cues. ;(P)
30;Speaking;Can initiate and respond to simple statements on very familiar topics. ;(Ca)
46;Speaking;Can initiate, maintain and close simple, face-to-face conversations on familiar topics. ;(Ca)
39;Speaking;Can initiate, maintain and close simple, restricted face-to-face conversations. ;(N2000)
68;Speaking;Can initiate, maintain and end discourse naturally with effective turn-taking. ;(Ca) 
62;Reading;Can interpret the main message from complex diagrams and visual information. ;(P)
48;Speaking;Can introduce a conversation topic with the present perfect and provide details in the past. ;(P)
56;Writing;Can introduce a counter-argument in a simple discursive text using ‘however’. ;(P)
63;Speaking;Can introduce a new perspective on the topic of a discussion. ;(Wa)
63;Speaking;Can introduce a new topic during a formal discussion. ;(P)
66;Speaking;Can introduce new information during a formal discussion or presentation ;(P)
27;Speaking;Can introduce people using basic language. ;(P)
26;Speaking;Can introduce someone in a basic way, giving their name and job title. ;(P)
22;Speaking;Can introduce themselves in a basic way, giving some information about where they live, their family etc. ;(CSEa)
33;Speaking;Can introduce themselves on the phone and close a simple call. ;(P)
12;Speaking;Can introduce themselves using a basic phrase (e.g. ‘My name’s ...’). ;(P)
26;Speaking;Can introduce themselves, their hobbies and interests in a basic way. ;(CJa)
46;Speaking;Can invite others to give their views on what to do next. ;(C)
81;Speaking;Can join a conversation already in progress between fluent speakers on complex topics. ;(Ca) 
77;Speaking;Can justify a point of view using linguistically complex language. ;(P)
60;Speaking;Can justify a viewpoint on a topical issue by discussing pros and cons of various options. ;(Ca)
60;Speaking;Can justify and sustain views clearly by providing relevant explanations and arguments. ;(Ca)
62;Speaking;Can justify the reasons for a particular decision or course of action. ;(P)
70;Speaking;Can lead a discussion in an interview, expanding and developing ideas with little help from the interviewer.;x
54;Speaking;Can leave phone messages containing detailed information. ;(P)
36;Speaking;Can leave simple phone messages using fixed expressions. ;(P)
43;Listening;Can listen to a short narrative and predict what will happen next. ;(N2000)
74;Speaking;Can make a clear strong argument during a formal discussion. ;(Ca)
43;Speaking;Can make a complaint using simple language. ;(P)
51;Speaking;Can make a complaint. ;(C)
26;Speaking;Can make a few basic requests related to immediate personal needs (e.g. ‘Can I have a pen, please?’). ;(P)
62;Speaking;Can make a formal apology with detailed excuses or reasons. ;(P)
38;Speaking;Can make a hotel, restaurant, or transportation reservation on the phone. ;(P)
62;Speaking;Can make a note of favourite mistakes and consciously monitor speech for them. ;(C)
40;Speaking;Can make a short rehearsed announcement on a familiar topic. ;(Ca)
73;Speaking;Can make a verbal summary to confirm their understanding of a linguistically complex discourse. ;(P)
45;Speaking;Can make an apology with brief excuses or reasons. ;(P)
42;Speaking;Can make an appointment on the phone. ;(P)
28;Speaking;Can make an introduction and use basic greeting and leave-taking expressions. ;(C)
37;Speaking;Can make an invitation including information about the time and location. ;(P)
48;Speaking;Can make an invitation using formal language. ;(P)
31;Speaking;Can make and accept a simple apology. ;(P)
36;Speaking;Can make and accept offers. ;(N2000)
41;Speaking;Can make and respond to suggestions. ;(C)
38;Reading;Can make basic inferences from simple information in a short text. ;(P)
38;Listening;Can make basic inferences in simple conversations on familiar everyday topics. ;(P)
43;Reading;Can make basic inferences or predictions about text content from headings, titles or headlines. ;(P) 
42;Writing;Can make basic informal suggestions in writing. ;(P)
66;Writing;Can make detailed notes of the key action points from feedback. ;(P)
54;Speaking;Can make excuses using a range of polite forms. ;(P)
33;Speaking;Can make excuses using basic fixed expressions. ;(P)
63;Reading;Can make inferences about the attitudes and feelings of characters based on evidence in the text. ;(P) 
60;Reading;Can make inferences or predictions about the content of newspaper and magazine articles from headings, titles or headlines. ;(P)
76;Writing;Can make jokes in writing using words with similar spelling but different meanings. ;(P)
32;Speaking;Can make offers using basic fixed expressions. ;(P)
30;Speaking;Can make requests related to immediate needs using basic fixed expressions. ;(P)
36;Writing;Can make simple comparisons between people, places or things. ;(P)
42;Speaking;Can make simple future arrangements and plans with reference to a diary or schedule. ;(P)
51;Reading;Can make simple inferences based on information given in a short article. ;(P)
31;Speaking;Can make simple invitations using basic fixed expressions. ;(P)
42;Speaking;Can make simple predictions about the future. ;(P)
11;Speaking;Can make simple purchases by pointing or other gestures. ;(N2000a)
31;Speaking;Can make simple purchases by stating what is wanted and asking for the price. ;(C)
45;Speaking;Can make simple recommendations for a course of action in familiar everyday situations. ;(P)
33;Speaking;Can make simple references to the past using ‘was/were’. ;(P)
35;Speaking;Can make simple requests to have or do something in relation to common everyday activities. ;(P)
33;Speaking;Can make simple transactions in shops, post offices and banks. ;(Ca)
37;Speaking;Can make simple, direct comparisons between two people or things using common adjectives. ;(P)
45;Writing;Can make simple, logical paragraph breaks in a longer text. ;(P)
36;Speaking;Can make small talk using simple language, given a model. ;(P)
64;Speaking;Can make spontaneous announcements clearly and fluently. ;(Ca)
39;Speaking;Can make suggestions about doing common everyday activities, using simple fixed expressions. ;(P)
65;Speaking;Can manage discussion on familiar topics confirming comprehension, inviting others in, etc. ;(Ca)
75;Speaking;Can manage discussions to ensure that they are based on facts and evidence rather than speculation. ;(P)
81;Speaking;Can manage the participants in a fast-moving discussion to keep it on course. ;(P)
16;Speaking;Can name a few common jobs. ;(P)
12;Speaking;Can name a few very common everyday objects. ;(P)
17;Speaking;Can name very common forms of transport. ;(P)
67;Speaking;Can narrate a story in detail, giving relevant information about feelings and reactions. ;(P)
45;Speaking;Can narrate a story. ;(C)
73;Speaking;Can negotiate a solution to a dispute (e.g. ‘an undeserved traffic ticket’, ‘blame for an accident’). ;(Ca)
71;Speaking;Can negotiate different cultural perspectives in a discussion. ;(Wa)
50;Speaking;Can negotiate prices and ask for discounts. ;(P)
69;Writing;Can organise complex written material into numbered sections and sub-sections. ;(P)
66;Speaking;Can outline an issue or problem clearly. ;(Ca)
43;Speaking;Can paraphrase a simple factual statement related to a familiar topic. ;(P)
69;Speaking;Can paraphrase an idea using a range of linguistic devices. ;(P)
60;Speaking;Can paraphrase in simpler terms what someone else has said. ;(P)
80;Speaking;Can participate in a fast-paced conversation with fluent speakers. ;(Ca)
80;Speaking;Can participate in discussions using linguistically complex language to compare, contrast and summarise information. ;(P)
79;Speaking;Can participate in linguistically complex discussions about attitudes and opinions. ;(P)
41;Speaking;Can participate in short conversations in routine contexts on topics of interest. ;(C)
60;Speaking;Can pass on a detailed piece of information reliably. ;(Ca)
64;Speaking;Can plan what is to be said and the means to say it, considering the effect on the recipient. ;(Ca)
69;Speaking;Can politely avoid answering a question without making it obvious to the listener. ;(N2007a)
70;Speaking;Can politely bring a discussion back to the main point when the participants have gone off topic. ;(P)
55;Speaking;Can politely interrupt during a formal conversation, using fixed expressions ;(P)
55;Writing;Can post comments on the discussion board of a website. ;(P)
69;Speaking;Can precisely express the potential consequences of actions or events. ;(P)
79;Writing;Can precisely select vocabulary for rhetorical purposes. ;(Wa)
75;Writing;Can prepare questions for a quiz using linguistically complex language. ;(P)
62;Writing;Can present additional ideas using a range of linking words and phrases. ;(P)
69;Speaking;Can present factual information in an objective way in extended spoken discourse. ;(Wa)
71;Writing;Can present factual information in an objective way in extended written discourse. ;(Wa)
70;Speaking;Can present their ideas with precision and respond to complex lines of argument convincingly. ;(Ca)
73;Speaking;Can put forward a smoothly flowing and logical structured argument, highlighting significant points. ;(P)
69;Reading;Can quickly scan long, complex texts for key information. ;(P)
44;Speaking;Can react appropriately to good and bad news using fixed expressions. ;(P)
35;Reading;Can read a simple text and extract factual details. ;(P)
26;Speaking;Can read aloud short, familiar fixed expressions in a way that can be understood. ;(P)
12;Reading;Can read and understand simple prices ;(P)
38;Speaking;Can read out a short, rehearsed statement (e.g. ‘introduce a speaker’, ‘propose a toast’). ;(Ca)
13;Speaking;Can read out phone numbers. ;(P)
57;Speaking;Can reasonably fluently relate a straightforward narrative or description as a linear sequence of points.;x
10;Listening;Can recognise a few familiar everyday words, if delivered slowly and clearly. ;(CJa)
28;Listening;Can recognise a few key words or phrases in a simple presentation. ;(P)
81;Listening;Can recognise a speaker’s feelings or attitude in linguistically complex speech. ;(P)
50;Listening;Can recognise a speaker’s feelings or attitudes. ;(P)
83;Listening;Can recognise a wide range of idiomatic expressions and colloquialisms, appreciating register shifts. ;(N2000)
12;Speaking;Can recognise and say the name of their own country, nationality and language. ;(P)
25;Listening;Can recognise basic factual information about times and dates. ;(P)
19;Listening;Can recognise basic time words (e.g. ‘days’, ‘months’) in simple phrases or sentences. ;(P) 
22;Reading;Can recognise cardinal numbers from 11-100. ;(P)
10;Reading;Can recognise cardinal numbers up to 10. ;(P)
77;Listening;Can recognise coherence devices and follow complex arguments on unfamiliar topics. ;(P)
68;Reading;Can recognise contrasting arguments in structured, discursive text. ;(P)
54;Reading;Can recognise examples and their relation to the idea they support. ;(P)
55;Listening;Can recognise examples and their relation to the idea they support. ;(P)
27;Listening;Can recognise familiar key words and phrases in short, basic descriptions (e.g. of ‘objects’, ‘places’ or ‘people’), if spoken slowly and clearly. ;(P)
15;Reading;Can recognise familiar names, words and very basic phrases on simple notices. ;(Ca)
19;Listening;Can recognise familiar words in short phrases and sentences spoken slowly and clearly, if supported by pictures. ;(P)
26;Listening;Can recognise key information (e.g. ‘place’, ‘time’) about everyday events, if spoken slowly and clearly. ;(P)
58;Listening;Can recognise misunderstandings without explicit prompting. ;(P)
30;Listening;Can recognise phrases and content words related to basic personal and family information. ;(Ca)
31;Listening;Can recognise phrases and content words related to familiar topics (e.g. ‘shopping’, ‘local geography’).;x
71;Listening;Can recognise repetition of ideas through substitution, paraphrasing, etc. in complex arguments. ;(P)
53;Listening;Can recognise repetition of the same topic in extended presentations or lectures. ;(Wa)
46;Listening;Can recognise simple expressions of agreement and disagreement in extended discussions, if conducted in clear standard speech. ;(P)
37;Listening;Can recognise simple expressions of agreement and disagreement in short discussions, if conducted slowly and clearly. ;(P)
13;Listening;Can recognise simple formal greetings. ;(P)
10;Listening;Can recognise simple informal greetings. ;(P)
34;Listening;Can recognise simple, fixed expressions used in small talk. ;(P)
37;Listening;Can recognise some fixed expressions to check or clarify information. ;(P)
35;Listening;Can recognise some fixed expressions used to confirm information. ;(P)
52;Listening;Can recognise that a joke has been made, even if the meaning is not fully understood. ;(P) 
60;Listening;Can recognise that a speaker is expressing concerns in a formal discussion. ;(P)
62;Reading;Can recognise the author’s use of irony in a simple text, if guided by questions. ;(P)
73;Reading;Can recognise the author’s use of irony in a text. ;(P)
51;Reading;Can recognise the direct repetition of ideas as a simple cohesive device. ;(P)
57;Reading;Can recognise the general line of a written argument though not necessarily all the details. ;(Ca)
74;Listening;Can recognise the language and strategies used when a speaker is avoiding answering a question. ;(P) 
10;Reading;Can recognise the letters of the alphabet. ;(P)
11;Listening;Can recognise the letters of the English alphabet when pronounced. ;(CJa)
67;Reading;Can recognise the repetition of ideas expressed by substitution, paraphrasing, etc. ;(P)
63;Listening;Can recognise the speaker’s point of view in a structured presentation. ;(P)
66;Listening;Can recognise the tone and intended audience of a formal presentation. ;(P)
65;Reading;Can recognise the tone and intended audience of a structured text. ;(P)
62;Reading;Can recognise the use of cohesive devices to link ideas within and between paragraphs in a written text.;x
64;Listening;Can recognise the use of hyperbole (e.g. ‘It’s going to take me years to finish this’). ;(P)
71;Listening;Can recognise the use of rhetorical questions to reveal unstated assumptions. ;(P)
58;Reading;Can recognise the writer’s point of view in a structured text. ;(P)
44;Listening;Can recognise when a speaker is checking that the listener has understood something in a conversation conducted slowly and clearly. ;(P)
57;Listening;Can recognise when a speaker uses basic rhetorical questions in conversation. ;(P)
61;Listening;Can recognise when examples are being given in a structured presentation on an unfamiliar topic. ;(P)
36;Listening;Can recognise when speakers agree in a conversation conducted slowly and clearly. ;(P)
36;Listening;Can recognise when speakers disagree in a conversation conducted slowly and clearly. ;(P)
26;Listening;Can recognise words and simple phrases related to familiar topics, if spoken slowly and clearly and supported by pictures. ;(P)
62;Speaking;Can recommend a course of action, giving reasons. ;(P)
61;Writing;Can reformulate an idea in different words to emphasise or explain a point. ;(P)
80;Speaking;Can reformulate what they want to say during a conversation or discussion using linguistically complex language. ;(N2000a)
35;Speaking;Can refuse requests politely, using simple language. ;(P)
14;Reading;Can regognise basic plurarl forms of nouns (eg.g 'cars','books') ;(P)
59;Listening;Can relate information in a presentation to the same information given in graphs, charts and tables. ;(Wa)
54;Speaking;Can relate the basic details of unpredictable occurrences (e.g. ‘an accident’). ;(Ca)
50;Speaking;Can relate the plot of a book or film and describe their reactions. ;(C)
73;Speaking;Can relate their own contribution skilfully to those of other speakers. ;(C)
52;Speaking;Can repeat back what is said to confirm understanding and keep a discussion on course. ;(Ca)
77;Speaking;Can rephrase controversial statements into more neutral language. ;(P)
55;Speaking;Can report factual information given by other people. ;(P)
51;Speaking;Can report the opinions of others, using simple language. ;(P)
58;Speaking;Can report the opinions of others. ;(P)
70;Writing;Can represent contrasting points of view in a coherent, well structured text. ;(Wa)
49;Speaking;Can respond in a simple way to verbal challenge or aggression. ;(P)
68;Writing;Can respond in writing to other people’s arguments in an appropriate style. ;(N2007a)
29;Speaking;Can respond politely when introduced to someone, using a few basic fixed expressions. ;(P)
45;Speaking;Can respond to an offer or suggestion, expressing enthusiasm. ;(P)
54;Writing;Can respond to and comment on other people’s personal updates on a social media website. ;(P)
61;Speaking;Can respond to clearly expressed questions on a presentation they have given. ;(Ca)
57;Speaking;Can respond to excuses using a range of polite forms. ;(P)
40;Speaking;Can respond to excuses using basic fixed expressions. ;(P)
55;Speaking;Can respond to ideas and suggestions in informal discussions. ;(Ca)
51;Speaking;Can respond to opinions expressed by others. ;(Wa)
34;Speaking;Can respond to suggestions to do something using basic fixed expressions. ;(P)
53;Speaking;Can re-tell a familiar story using their own words. ;(P)
42;Writing;Can rewrite a simple text to correct mistakes. ;(P)
20;Speaking;Can say a range of basic numbers, quantities and prices. ;(Ca)
26;Speaking;Can say how much something costs using basic language. ;(P)
34;Speaking;Can say how often they and others do common everyday activities, using basic frequency expressions (e.g. ‘every Monday’, ‘twice a month’). ;(P)
40;Speaking;Can say how they or someone else feels, giving brief reasons. ;(P)
15;Speaking;Can say other people’s nationalities. ;(P)
11;Speaking;Can say the letters of the alphabet. ;(P)
10;Speaking;Can say their name. ;(P)
18;Speaking;Can say their own age and ask someone about their age. ;(P)
27;Speaking;Can say what someone’s job is, using familiar common job names. ;(P)
19;Speaking;Can say what they do (e.g. ‘name of their job’, ‘student’). ;(P)
34;Speaking;Can say what they like and dislike. ;(C)
22;Speaking;Can say where they and other people are in a limited way. ;(P)
29;Speaking;Can say who something belongs to. ;(P)
63;Reading;Can scan a long text or a set of related texts in order to find specific information. ;(Ca)
40;Reading;Can scan a simple text, identifying the main topic(s). ;(P)
44;Reading;Can scan short texts to locate specific information. ;(P)
44;Reading;Can search the internet for specific everyday or work-related information. ;(P)
68;Writing;Can seek confirmation of information and ideas on abstract and concrete topics. ;(Ca)
72;Speaking;Can shift between formal and informal registers as and when required. ;(P)
46;Writing;Can show a basic direct relationship between a simple problem and a solution. ;(P)
55;Writing;Can show a simple relationship between a main point and an example in a structured text. ;(P)
61;Speaking;Can show degrees of agreement using a range of language. ;(P)
60;Speaking;Can show interest and appreciation in conversation using a range of expressions. ;(P)
41;Speaking;Can show interest in conversation using fixed expressions. ;(P)
66;Writing;Can show the relationship between an opinion and a counter-argument in a discursive text. ;(P)
34;Speaking;Can show understanding using a limited range of fixed expressions. ;(P)
62;Writing;Can signal additional information in a formal structured text with a range of language. ;(P)
39;Writing;Can signal contrast in a simple text with a limited range of language. ;(P)
53;Speaking;Can signal that they wish to bring a conversation to an end. ;(P)
45;Reading;Can skim a short text to identify its main purpose. ;(P)
82;Writing;Can smoothly switch between a range of writing styles to address specific audiences and topics in a personal way. ;(P)
52;Speaking;Can speak in general terms about environmental problems. ;(P)
66;Speaking;Can speculate about a future event using a range of linguistic devices. ;(P)
64;Speaking;Can speculate about causes, consequences or hypothetical situations. ;(N2000)
67;Speaking;Can speculate about the causes of an issue or problem. ;(Ca)
28;Writing;Can spell a range of common greetings. ;(P)
28;Writing;Can spell a range of common jobs. ;(P)
27;Writing;Can spell a range of common names. ;(P)
14;Speaking;Can spell out their own name and address. ;(P)
32;Speaking;Can start or end a short conversation using basic fixed expressions. ;(Ca)
70;Speaking;Can state clearly the limits to a concession. ;(N2000)
74;Writing;Can structure longer complex texts using a range of cohesive devices. ;(P)
65;Writing;Can structure longer texts in clear, logical paragraphs. ;(P)
76;Speaking;Can substitute an equivalent term for a word they can’t recall so smoothly that it isn’t noticeable. ;(N2000a)
60;Speaking;Can suggest solutions to problems and explain why they would work. ;(P)
66;Speaking;Can summarise a wide range of texts, discussing contrasting points and main themes. ;(Ca)
56;Speaking;Can summarise and comment on a short story or article and answer questions in detail. ;(Ca)
80;Speaking;Can summarise and comment on the content of a linguistically complex text. ;(P) 
56;Speaking;Can summarise and give opinions on issues and stories and answer questions in detail. ;(Ca)
78;Speaking;Can summarise clearly and precisely the arguments and event descriptions from a complex text. ;(N2007a)
57;Writing;Can summarise factual information within their field of interest. ;(Ca)
83;Speaking;Can summarise group discussions on a wide range of linguistically complex topics. ;(P)
64;Writing;Can summarise in writing different points of view. ;(Wa)
85;Writing;Can summarise in writing the author’s viewpoints, attitudes or opinions in a linguistically complex text. ;(P)
70;Writing;Can summarise opposing arguments in writing, including supporting evidence. ;(Wa)
64;Speaking;Can summarise orally the plot and sequence of events in an extract from a film or play. ;(Ca)
44;Speaking;Can summarise short written passages using the original wording and ordering. ;(Ca)
52;Writing;Can summarise the main message from simple diagrams (e.g. ‘graphs’, ‘bar charts’). ;(P)
66;Reading;Can summarise, comment on and discuss a wide range of factual and imaginative texts. ;(Ca)
59;Writing;Can support ideas with relevant examples. ;(P)
67;Writing;Can synthesise and evaluate familiar information and arguments from a number of sources. ;(Ca) 
69;Reading;Can synthesise information from different sources in order to give a written or oral summary. ;(P)
67;Writing;Can systematically develop an argument giving the reasons for or against a point of view. ;(P)
65;Writing;Can systematically evaluate the advantages and disadvantages of various options. ;(P)
39;Writing;Can take a short, simple message if they are able to ask the speaker to repeat and reformulate it. ;(Ca) 
80;Writing;Can take effective notes while listening to a linguistically complex audio recording. ;(P)
53;Writing;Can take messages, communicate enquiries and explain problems. ;(Ca)
55;Writing;Can take notes of key points during a talk on a familiar topic, if delivered clearly. ;(Ca)
59;Writing;Can take notes to record the main points raised during meetings on familiar topics. ;(CSEa)
82;Writing;Can take notes to summarise the key points made during a technical or linguistically complex discussion.;(P)
34;Speaking;Can take part in a very simple conversation on a familiar topic if the other speaker repeats questions and answers as necessary and speaks slowly and clearly. ;(P)
87;Speaking;Can take part in discussions on political or social issues using linguistically complex language. ;(P)
60;Speaking;Can take part in routine formal discussions conducted in clear standard speech in which factual information is exchanged. ;(Ca)
38;Speaking;Can take simple phone messages using fixed expressions. ;(P)
50;Speaking;Can take some initiative in an interview, but is generally very dependent on interviewer. ;(Ca)
38;Speaking;Can talk about an event in the past using fixed expressions, given a model. ;(P)
86;Speaking;Can talk about an industry using technical terms and linguistically complex language. ;(P)
84;Speaking;Can talk about complex financial problems in detail. ;(P)
31;Speaking;Can talk about everyday things (e.g. ‘people’, ‘places’, ‘job’, ‘study’) in a basic way. ;(Ca)
30;Speaking;Can talk about familiar topics using a few basic words and phrases. ;(P)
65;Speaking;Can talk about financial problems. ;(P)
31;Speaking;Can talk about furniture and rooms using simple language. ;(P)
30;Speaking;Can talk about hotel accommodation using simple language. ;(P)
70;Speaking;Can talk about hypothetical events and actions, and their possible consequences. ;(P)
40;Speaking;Can talk about past events or experiences, using simple language ;(P)
72;Speaking;Can talk about personal experiences in detail using linguistically complex language. ;(P)
41;Speaking;Can talk about personal possessions, including household pets. ;(N2000a)
39;Speaking;Can talk about plans for the near future in a simple way. ;(P)
60;Speaking;Can talk about possibilities in the past with precision. ;(P)
29;Speaking;Can talk about the family in a basic way, given prompts. ;(P)
33;Speaking;Can talk about their life (e.g. ‘family’, ‘home’, ‘job’), using simple language. ;(P)
69;Speaking;Can talk about trends in detail. ;(P)
73;Speaking;Can talk in detail about choices that have been significant or life changing using linguistically complex language. ;(P)
81;Speaking;Can tell a detailed anecdote using linguistically complex language. ;(P)
59;Speaking;Can tell a short story about something funny or interesting that has happened, including detail to maintain the listener’s interest. ;(P)
40;Speaking;Can tell a story or describe something in a simple list of points. ;(C)
58;Speaking;Can tell someone about a discussion or conversation in some detail. ;(P)
16;Speaking;Can tell the time of day in full hours. ;(P)
24;Speaking;Can tell the time of day to the quarter hour. ;(P)
22;Speaking;Can tell the time of day to within five minutes. ;(P)
58;Listening;Can understand a large part of many TV programmes on familiar topics. ;(Ca)
27;Listening;Can understand a phone number from a recorded message. ;(P)
54;Listening;Can understand a range of formal and informal excuses. ;(P)
42;Reading;Can understand a simple form asking for medical information ;(P)
39;Reading;Can understand a simple text about a past event. ;(P)
55;Listening;Can understand advice and instructions for resolving a problem with a product or piece of equipment. ;(P)
69;Reading;Can understand advice given in a linguistically complex text. ;(P)
29;Reading;Can understand basic factual statements relating to pictures or simple texts. ;(P)
26;Listening;Can understand basic factual statements. ;(P)
27;Listening;Can understand basic information about free time activities. ;(P)
27;Listening;Can understand basic information about prices, times, and dates in familiar contexts, if spoken slowly and clearly. ;(P)
28;Listening;Can understand basic information about someone when introduced to them using simple language. ;(P)
25;Listening;Can understand basic information about someone’s likes and dislikes. ;(P)
39;Listening;Can understand basic information in a short presentation. ;(P)
42;Listening;Can understand basic medical advice. ;(P)
38;Reading;Can understand basic opinions expressed in simple language in short texts. ;(P)
21;Listening;Can understand basic personal details if given carefully and slowly. ;(P)
27;Reading;Can understand basic phrases in short, simple texts. ;(P)
27;Listening;Can understand basic questions about free time activities. ;(P)
24;Listening;Can understand basic questions about objects in pictures or in their immediate surroundings. ;(P)
24;Listening;Can understand basic questions about people’s likes and dislikes. ;(P)
21;Listening;Can understand basic questions about personal details if addressed slowly and clearly. ;(P)
23;Reading;Can understand basic sentences describing everyday objects (e.g. ‘colour’, ‘size’), given visual support. ;(P)
18;Reading;Can understand basic sentences introducing someone (e.g. ‘name’, ‘age’). ;(P)
24;Listening;Can understand basic statements about where things or people are, if spoken slowly and clearly and supported by pictures. ;(P)
46;Reading;Can understand basic types of standard letters and emails on familiar topics (e.g. ‘enquiries’, ‘complaints’). ;(Ca)
10;Listening;Can understand cardinal numbers from 1 to 20. ;(P)
25;Listening;Can understand cardinal numbers from 101 to 1000. ;(P)
19;Listening;Can understand cardinal numbers from 21 to 100. ;(P)
57;Reading;Can understand cause and effect relationships in a structured text. ;(P)
65;Listening;Can understand cause and effect relationships in informal conversation at natural speed. ;(P)
46;Reding;Can understand clearly written, straightforward instructions on how to use a piece of equipment. ;(Ca)
79;Reading;Can understand complex arguments in newspaper articles. ;(P)
71;Reading;Can understand complex questions in questionnaires designed to elicit opinions. ;(P)
68;Reading;Can understand complex technical information such as operating instructions, specifications for familiar products and services. ;(C)
70;Reading;Can understand complex, detailed correspondence, with occasional support from a dictionary. ;(Ca)
76;Reading;Can understand correspondence containing idiomatic or non-standard language. ;(Ca)
62;Listening;Can understand detailed instructions well enough to be able to follow them without making mistakes. ;(C)
72;Listening;Can understand detailed medical advice. ;(P)
67;Reading;Can understand differences and similarities between points of view in extended texts. ;(CJa)
40;Listening;Can understand enough to manage simple routine exchanges without undue effort. ;(C)
37;Listening;Can understand enough to respond to direct requests expressed slowly and clearly. ;(Ca)
30;Listening;Can understand excuses if expressed in simple language. ;(P)
29;Reading;Can understand familiar phrases in a simple text. ;(P)
87;Reading;Can understand highly colloquial language in unstructured texts that use complex structures. ;(P)
88;Listening;Can understand in detail discussions on abstract and complex topics among speakers with a variety of  accents and dialects. ;(Ca)
70;Reading;Can understand inferred meaning in formal structured text. ;(P)
45;Reading;Can understand information in advertisements for jobs and services. ;(P)
32;Listening;Can understand information related to people’s daily routines. ;(P)
43;Listening;Can understand instructions delivered at normal speed and accompanied by visual support. ;(P)
59;Reading;Can understand instructions for making financial transactions online. ;(P)
32;Listening;Can understand key information about arrangements in simple dialogues spoken slowly and clearly. ;(P)
87;Reading;Can understand long and linguistically complex factual and literary texts, appreciating distinctions of style. ;(CJa)
64;Listening;Can understand main points and check comprehension by using contextual clues. ;(Ca)
58;Reading;Can understand most correspondence relating to their field of interest. ;(Ca)
78;Listening;Can understand most of a linguistically complex podcast. ;(P)
60;Listening;Can understand most of a radio programme about a familiar topic. ;(Ca)
65;Listening;Can understand most of a radio programme aimed at a general audience. ;(P)
51;Listening;Can understand most of a weather forecast on the radio. ;(CSEa)
72;Listening;Can understand most TV news and current affairs programmes. ;(C)
20;Listening;Can understand ordinal numbers from 1 to 100. ;(P)
58;Reading;Can understand problem and solution relationships in a structured text. ;(P)
58;Listening;Can understand problem and solution relationships in informal conversation. ;(P)
23;Listening;Can understand questions addressed carefully and slowly. ;(Ca)
37;Reading;Can understand reports of travel delays and cancellations. ;(P)
37;Reading;Can understand rules and regulations (e.g. ‘safety’) if expressed in simple language. ;(C)
61;Listening;Can understand scripted speech delivered quickly, if the accent is familiar. ;(Ca)
27;Reading;Can understand short written notices, signs and instructions with visual support. ;(P)
35;Listening;Can understand short, basic descriptions of familiar topics and situations, if delivered slowly and clearly.;x
25;Readiing;Can understand short, simple descriptions of objects, people and animals, given visual support. ;(P)
23;Listening;Can understand short, simple instructions addressed carefully and slowly. ;(Ca)
28;Reading;Can understand short, simple messages about when and where to meet. ;(P)
31;Reading;Can understand short, simple messages on postcards, emails and social networks. ;(Ca)
37;Reading;Can understand short, simple narrative texts. ;(CSEa)
39;Reading;Can understand short, simple narratives and biographies. ;(CJa)
37;Reading;Can understand short, simple personal emails and letters. ;(Ca)
30;Reading;Can understand short, simple texts about everyday activities. ;(P)
30;Reading;Can understand simple descriptions of people’s physical appearance. ;(P)
27;Reading;Can understand simple descriptions of places. ;(P)
40;Reading;Can understand simple details in informational texts  (blogs, websites, catalogues,  etc.). ;(P)
26;Listening;Can understand simple directions from X to Y on foot or public transport. ;(Ca)
28;Listening;Can understand simple directions, if spoken slowly and clearly. ;(P)
39;Reading;Can understand simple factual titles and headlines relating to common events. ;(P) 
34;Reading;Can understand simple instructions on everyday equipment (e.g. ‘cash machines’). ;(Ca)
20;Listening;Can understand simple language related to prices and quantities. ;(P)
29;Reading;Can understand simple phrases related to familiar, everyday activities. ;(P)
31;Reading;Can understand simple questions in questionnaires on familiar topics. ;(P)
30;Reading;Can understand simple safety instructions, with visual support. ;(P)
26;Listening;Can understand simple spoken commands in a game or sport. ;(P)
43;Reading;Can understand simple technical information (e.g. ‘instructions for everyday equipment’). ;(Ca)
49;Listening;Can understand simple technical instructions for everyday equipment. ;(Ca)
33;Listening;Can understand simple, everyday conversations if conducted slowly and clearly. ;(Ca)
38;Listening;Can understand specific information in a short, simple phone call. ;(P)
38;Listening;Can understand standard speech on familiar matters, with some repetition or reformulation. ;(Ca)
79;Listening;Can understand stories being told by a fluent speaker using colloquial language. ;(P)
69;Listening;Can understand summaries of data or research used to support an extended argument. ;(P)
64;Listening;Can understand the advantages and disadvantages of different options during a discussion. ;(P)
62;Reading;Can understand the author’s purpose and intended audience. ;(P)
82;Listening;Can understand the details in a linguistically complex audio recording. ;(P)
86;Listening;Can understand the details of extended and linguistically complex professional and technical presentations. ;(N2000a)
83;Listening;Can understand the details of extended and linguistically complex talks on a range of political, environmental, and social issues. ;(P)
68;Reading;Can understand the details of long complex instructions in their field, rereading as necessary. ;(Ca)
80;Reading;Can understand the details of long complex texts in their field without needing to reread. ;(Ca)
34;Reading;Can understand the general meaning of short, simple informational material and descriptions if there is visual support. ;(Ca)
39;Reading;Can understand the instructions to buy tickets online. ;(P)
74;Reading;Can understand the intended double meaning of a word in a written text. ;(P)
78;Listening;Can understand the intended double meaning of a word used in a joke. ;(P)
39;Listening;Can understand the key details of hotel, restaurant, and transport reservations. ;(P)
53;Listening;Can understand the key points about a radio programme on a familiar topic. ;(P)
10;Listening;Can understand the letters of the alphabet. ;(P)
66;Listening;Can understand the main ideas of complex technical discussions in their field. ;(Ca)
42;Reading;Can understand the main information from simple diagrams (e.g. ‘graphs’, ‘bar charts’). ;(P)
33;Listening;Can understand the main information in short, simple dialogues about familiar activities, if spoken slowly and clearly. ;(P)
34;Listening;Can understand the main information in simple conversations about hobbies and interests. ;(P)
22;Listening;Can understand the main information when people introduce themselves (e.g. ‘name’, ‘age’, ‘where they are from’). ;(P)
42;Listening;Can understand the main points of a short, informal interview on a familiar topic. ;(P)
48;Listening;Can understand the main points of a simple podcast. ;(P)
72;Listening;Can understand the main points of complex academic/professional presentations. ;(Ca)
71;Listening;Can understand the main points of complex and abstract presentations in their field. ;(Ca)
47;Listening;Can understand the main points of narratives and conversations about familiar topics (e.g. ‘work’, ‘leisure’) delivered in clear standard speech. ;(Ca)
62;Reading;Can understand the plot of extended narratives written in standard, non-literary language. ;(CJa)
68;Reading;Can understand the positive and negative connotations of words that have similar meanings. ;(P)
50;Reading;Can understand the relationship between a main point and an example in a structured text. ;(P)
65;Listening;Can understand the speaker’s point of view on most topics delivered at natural speed and in standard language. ;(CJa)
18;Listening;Can understand the time of day when expressed in full hours. ;(P)
23;Listening;Can understand the time of day when expressed to the quarter hour. ;(P)
23;Listening;Can understand the time of day when expressed to within five minutes. ;(P)
72;Listening;Can understand the use of irony to emphasise a speaker’s meaning. ;(P)
78;Reading;Can understand the use of puns, allusions, jokes etc. in adverts or newspaper headlines. ;(P)
64;Listening;Can understand TV documentaries, interviews, plays and most films in standard speech. ;(Ca) 
64;Listening;Can understand unscripted speech delivered quickly, if the accent is familiar. ;(Ca)
16;Listening;Can understand very basic common classroom instructions. ;(P)
29;Listening;Can understand what people say they can or can’t do from simple sentences spoken slowly and clearly.;x
71;Listening;Can understand when something is being said ironically in a casual conversation. ;(N2007a)
35;Listening;Can understand who a phone call is intended for. ;(P)
55;Reading;Can understand written advice and instructions for resolving a problem with a product or piece of equipment. ;(P)
44;Reading;Can understand written instructions for taking medication. ;(P)
53;Speaking;Can use a basic repertoire of conversation strategies to maintain a discussion. ;(Ca)
12;Speaking;Can use a few basic words and phrases to show politeness (e.g. ‘please’, ‘thank you’). ;(P)
18;Speaking;Can use a few simple words to describe objects (e.g. ‘colour’, ‘number’), if supported by pictures. ;(P)
61;Speaking;Can use a limited number of cohesive devices with some ‘jumpiness’ in a long contribution. ;(Ca)
35;Speaking;Can use a limited range of fixed expressions to describe objects, possessions, or products. ;(P)
59;Reading;Can use a monolingual dictionary to check the meaning of words without needing to refer to a bilingual dictionary. ;(P)
62;Speaking;Can use a range of language to express degrees of enthusiasm. ;(P)
65;Speaking;Can use a range of language to express degrees of reluctance. ;(P)
61;Speaking;Can use a range of language to make detailed comparisons of quantities. ;(P)
67;Speaking;Can use a suitable phrase to intervene in a discussion on a familiar topic. ;(Ca)
52;Speaking;Can use a suitable phrase to invite others into a discussion. ;(Ca)
71;Speaking;Can use a variety of linking words efficiently to mark clearly the relationships between ideas. ;(N2000) 
69;Reading;Can use a variety of reference materials to check factual information quickly and efficiently. ;(P)
80;Speaking;Can use a wide range of persuasive techniques in presentations and discussions to encourage others to take a course of action. ;(P)
40;Writing;Can use appropriate openings and endings in simple informal emails. ;(P)
26;Writing;Can use basic punctuation (e.g. ‘commas’, ‘full stops’, ‘question marks’). ;(P)
28;Speaking;Can use basic words to describe common weather conditions. ;(P)
32;Speaking;Can use brief, everyday expressions to ask for and give personal details. ;(Ca)
28;Speaking;Can use brief, everyday expressions to describe wants and needs, and request information. ;(Ca)
24;Writing;Can use capital letters appropriately. ;(P)
73;Speaking;Can use circumlocution and paraphrase to cover gaps in vocabulary and structure. ;(C)
51;Writing;Can use common connectors to tell a story or describe an event in writing. ;(Ca)
44;Speaking;Can use fixed expressions to keep a conversation going (e.g. ‘I see.’, ‘right’). ;(CSEa) 
69;Speaking;Can use hyperbole to emphasise a point (e.g. ‘It’s going to take me years to do this.’). ;(P)
65;Speaking;Can use intonation to indicate various degrees of certainty during a discussion. ;(P)
51;Writing;Can use limited discourse devices to link sentences smoothly into connected discourse. ;(Ca)
79;Writing;Can use linguistic devices such as fronting to emphasise key information in a sentence. ;(P)
63;Reading;Can use reference materials to check factual information, when guidance on finding relevant sources of information is provided. ;(P)
71;Speaking;Can use rhetorical questions in a presentation to keep the audience interested. ;(P)
45;Speaking;Can use simple appropriate language to check that information has been understood on the phone. ;(P)
49;Writing;Can use simple cohesive devices such as repetition in a structured text. ;(P)
45;Speaking;Can use simple expressions to explain a basic technical problem. ;(P)
38;Speaking;Can use simple fixed expressions to give encouragement (e.g. ‘You can do it!’) ;(P)
34;Speaking;Can use simple language to describe people’s appearance. ;(N2000)
39;Speaking;Can use simple language to describe people’s personality and emotions. ;(P)
31;Speaking;Can use simple phrases to order a meal. ;(Ca)
36;Speaking;Can use simple, everyday polite forms of greeting and address. ;(C)
42;Speaking;Can use some basic interjections to express understanding, surprise, disappointment, and excitement. ;(P)
17;Speaking;Can use some very basic words to ask for food and drink. ;(P)
64;Speaking;Can use stock phrases to gain time and keep the turn whilst formulating what to say. ;(Ca)
55;Speaking;Can use synonyms to describe or gloss an unknown word. ;(Ca)
31;Writing;Can use very basic connectors like ‘and’, ‘but’, ‘so’ and ‘then’. ;(Ca)
55;Writing;Can vary the formality of greetings in emails/letters based on intended recipients. ;(P)
44;Writing;Can write a basic description of experiences, feelings and reactions, given a model. ;(P)
41;Writing;Can write a basic email/letter accepting or declining an invitation. ;(P)
51;Writing;Can write a basic email/letter of complaint requesting action. ;(P)
46;Writing;Can write a basic formal email/letter requesting information. ;(P)
41;Writing;Can write a basic informal email/letter of invitation with simple, key details. ;(P)
48;Writing;Can write a basic letter of application with limited supporting details. ;(P)
50;Writing;Can write a basic summary of a simple text using the original wording and paragraph order. ;(Ca) 
61;Writing;Can write a brief standard report conveying factual information, stating reasons for actions. ;(Ca)
40;Writing;Can write a brief summary of their own personal details, e.g. ‘for a business card’. ;(P)
76;Writing;Can write a clear summary of a complex factual text, maintaining its original tone and message. ;(P)
64;Writing;Can write a concise summary of the main ideas of a longer structured text. ;(P)
46;Writing;Can write a description of a future event or activity. ;(P)
58;Writing;Can write a description of a problem with a product or piece of equipment. ;(P)
53;Writing;Can write a description of a real or imagined event (e.g. ‘a recent trip’). ;(C)
38;Writing;Can write a description of a simple everyday process (e.g. ‘a recipe’). ;(P)
57;Writing;Can write a description of items for sale on a trading website. ;(P)
77;Writing;Can write a detailed critical review of cultural events (e.g. ‘plays’, ‘films’, ‘concerts’) or literary works. ;(P)
74;Writing;Can write a detailed description of a complex process. ;(P)
59;Writing;Can write a detailed description of an object, device or product. ;(P)
72;Writing;Can write a detailed, reasoned argument for or against a case. ;(N2007a)
24;Writing;Can write a few basic sentences introducing themselves (e.g. ‘name’, ‘age’, ‘where they are from’), given prompts or a model. ;(P)
31;Writing;Can write a few basic sentences to introduce someone and give basic personal information about them.;x
67;Writing;Can write a forceful but polite letter of complaint, including supporting details and a statement of the desired outcome. ;(P)
55;Writing;Can write a formal email/letter accepting or declining an invitation. ;(P)
60;Writing;Can write a formal email/letter of invitation with appropriate register and conventions. ;(P)
59;Writing;Can write a formal email/letter of thanks or apology with appropriate conventions. ;(P)
54;Writing;Can write a formal email/letter requesting information. ;(P)
76;Writing;Can write a letter of application using appropriate conventions and a range of linguistically complex language. ;(P)
65;Writing;Can write a letter of application with appropriate register, conventions and supporting detail. ;(P)
65;Writing;Can write a letter of complaint with appropriate register, structure and conventions. ;(P)
57;Writing;Can write a letter or email of complaint with supporting details. ;(P)
46;Writing;Can write a notice that clearly conveys information. ;(P)
42;Writing;Can write a short description of a trip or event. ;(P)
37;Writing;Can write a short description of familiar activities, given visual support. ;(P)
46;Writing;Can write a short review of a restaurant, movie, etc. using simple language. ;(P)
45;Writing;Can write a short, simple description of a familiar device or product. ;(P)
40;Writing;Can write a short, simple email/letter asking for information about an apartment or house to rent. ;(P)
31;Writing;Can write a simple description of a room, house or apartment. ;(P)
39;Writing;Can write a simple email/letter in response to a request for information. ;(P)
44;Writing;Can write a simple outline for a piece of writing, given a model. ;(P)
52;Writing;Can write a simple review of a film, book or TV programme using a limited range of language. ;(P)
40;Writing;Can write a simple story or description of an event using basic time expressions. ;(P)
35;Writing;Can write a simple text (e.g. ‘an invitation to a party’) containing key information, given a model. ;(P)
51;Writing;Can write a simple, structured informational leaflet/brochure, given a model. ;(P)
31;Writing;Can write a standard greeting on a card. ;(P)
45;Writing;Can write a story with a simple linear sequence. ;(Ca)
70;Writing;Can write a structured report analysing advantages and disadvantages of a situation and recommending action. ;(P)
69;Writing;Can write a structured review of a film, book or play with some references and examples. ;(Ca) 
62;Writing;Can write a structured text clearly signalling main points and supporting details. ;(P)
85;Writing;Can write about complex subjects, underlining the key issues and in a style appropriate to the intended reader. ;(CJa)
41;Writing;Can write about everyday things (e.g. ‘people’, ‘places’, ‘job, study’) in linked sentences. ;(Ca) 
50;Writing;Can write about experiences, feelings and reactions in a simple connected text. ;(Ca)
67;Writing;Can write about feelings and the personal significance of experiences in detail. ;(Ca)
90;Writing;Can write about literature and poetry in detail, giving reasons for their opinions and interpretation using linguistically complex language. ;(P)
44;Writing;Can write about personal experiences in a diary or online posting, given a model. ;(P)
47;Writing;Can write about personal interests in some detail. ;(P)
77;Writing;Can write an accurate summary of a complex, discursive text. ;(P)
66;Writing;Can write an accurate summary of an essay or article on a familiar topic. ;(P)
45;Writing;Can write an email/letter congratulating someone on something. ;(P)
51;Writing;Can write an email/letter sending a message of sympathy. ;(P)
47;Writing;Can write an everyday connected text using a set of short elements or facts and building them into a sequence. ;(Ca)
61;Writing;Can write an extended description of events taking place in their immediate environment. ;(P)
39;Writing;Can write basic instructions with a simple list of points. ;(P)
34;Writing;Can write basic personal details for a website profile, business card, etc. ;(P)
39;Writing;Can write basic sentences comparing products, people or places. ;(P)
26;Writing;Can write basic sentences describing everyday objects (e.g. ‘colour’, ‘size’), given a model. ;(P)
12;Writing;Can write cardinal numbers from 1 to 20 as words. ;(CSEa)
68;Writing;Can write clear and precise emails intended to create rapport and put the addressee at ease. ;(Ca)
67;Writing;Can write clear, detailed descriptions on a variety of subjects related to their field of interest. ;(C)
58;Writing;Can write comments and complaints about products and services. ;(P)
20;Writing;Can write consistently with joined-up letters. ;(P)
28;Writing;Can write dates using both digits and words. ;(P)
41;Writing;Can write descriptions of everyday personal experiences. ;(P)
47;Writing;Can write descriptions of past events, activities, or personal experiences. ;(P)
47;Writing;Can write descriptions of real or imaginary people. ;(P)
59;Writing;Can write detailed descriptions of real or imaginary people. ;(P)
63;Writing;Can write detailed descriptions of real or imaginary places. ;(P) 
53;Writing;Can write emails/letters exchanging information, emphasising the most important point. ;(Ca)
58;Writing;Can write emails/letters responding to personal news and views in detail. ;(Ca)
66;Writing;Can write engaging headlines or titles to capture a reader’s attention. ;(P)
76;Writing;Can write essays and reports synthesising information from a number of sources. ;(P)
50;Writing;Can write fractions using both digits and words. ;(P)
62;Writing;Can write informal emails or letters using a range of idiomatic phrases. ;(P)
58;Writing;Can write instructions on how to look after an object, device or product. ;(P)
61;Writing;Can write instructions on how to repair an object, device or product. ;(P)
56;Writing;Can write instructions on how to use a device or product. ;(P)
85;Writing;Can write linguistically complex and logically structured reports and articles. ;(CJa)
64;Writing;Can write personal emails/letters about abstract or cultural topics (e.g. ‘music’, ‘films’). ;(Ca)
50;Writing;Can write personal emails/letters giving advice. ;(P)
60;Writing;Can write personal emails/letters giving and commenting on news in detail. ;(Ca)
48;Writing;Can write personal emails/letters giving some details of events, experiences and feelings. ;(Ca)
55;Writing;Can write personal emails/letters, reporting recent events in detail. ;(CJa)
55;Writing;Can write personal updates on a social media website using an appropriate style. ;(P)
67;Writing;Can write relevant subheadings to structure longer more complex texts. ;(P)
39;Writing;Can write short basic descriptions of past events and activities. ;(P)
34;Writing;Can write short descriptive texts (4–6 sentences) on familiar personal topics (e.g. ‘family’, ‘possessions’), given a model. ;(P)
34;Writing;Can write short texts about their likes and dislikes using basic fixed expressions. ;(P)
38;Writing;Can write short texts about their likes and dislikes, with explanations. ;(CSEa)
36;Writing;Can write short texts describing favourite objects, possessions or household pets. ;(CSEa)
33;Writing;Can write short, basic descriptions of everyday activities, given a model. ;(P)
38;Writing;Can write short, basic descriptions of places, people or things. ;(P)
51;Writing;Can write short, simple biographies about real or imaginary people. ;(Ca)
36;Writing;Can write short, simple descriptions of people’s physical appearance using basic connectors, given prompts or a model. ;(P)
46;Writing;Can write short, simple essays with basic structure on familiar topics. ;(Ca)
38;Writing;Can write short, simple notes, emails and messages relating to everyday matters. ;(Ca)
28;Writing;Can write short, simple notes, emails and postings to friends. ;(N2000a)
46;Writing;Can write simple informal emails/letters and online postings giving news or opinions. ;(P)
46;Writing;Can write simple instructions on how to use a device or product, given a model. ;(P)
31;Writing;Can write simple plans and arrangements on a calendar or in a diary. ;(CSEa)
29;Writing;Can write simple sentences about a familiar object. ;(P)
40;Writing;Can write simple sentences about a future trip or event. ;(P)
27;Writing;Can write simple sentences about personal interests. ;(P)
33;Writing;Can write simple sentences about personal skills. ;(P)
28;Writing;Can write simple sentences about someone’s life and routines. ;(P)
31;Writing;Can write simple sentences about someone’s work and duties. ;(P)
41;Writing;Can write simple sentences about their educational background and present or past job. ;(Ca)
27;Writing;Can write simple sentences about their family and where they live. ;(Ca)
25;Writing;Can write simple sentences about things that they and other people have. ;(P)
30;Writing;Can write simple sentences about what they and other people do. ;(Ca)
31;Writing;Can write simple sentences about what they or other people can or can’t do. ;(P)
53;Writing;Can write simple structured essays, organising basic ideas. ;(P)
42;Writing;Can write simple texts giving key information about their culture (e.g. ‘food’, ‘national holidays’, ‘festivals’).;x
40;Writing;Can write simple texts or emails making arrangements to meet, given a model. ;(P)
80;Writing;Can write summaries and reviews of professional or literary works. ;(CJa)
46;Writing;Can write the concluding sentence or sentences of a basic paragraph, given a model. ;(P)
10;Writing;Can write the letters of the alphabet in upper and lower case. ;(P)
10;Writing;Can write their name, address and nationality. ;(Ca)
29;Writing;Can write times using both digits and words. ;(P)
32;Writing;Can write very short, basic directions. ;(P)
32;Writing;Can write very short, simple sentences about their feelings. ;(P)
38;Writing;Can write very simple personal emails/letters expressing thanks and apology. ;(Ca)
